week,rfc_acc,xgb_acc
5,0.42857142857142855,0.35714285714285715
6,0.6,0.6
7,0.6666666666666666,0.8
