week,rfc_acc,xgb_acc
5,0.42857142857142855,0.35714285714285715
6,0.6,0.6
