week,rfc_acc,xgb_acc
5,0.42857142857142855,0.35714285714285715
6,0.6,0.6
7,0.6666666666666666,0.8
8,0.6923076923076923,0.5384615384615384
9,0.7142857142857143,0.7142857142857143
10,0.5714285714285714,0.5714285714285714
11,0.6,0.5333333333333333
12,0.6428571428571429,0.7142857142857143
13,0.5,0.4375
